义乌市晴雯饰品有限公司;https://shop1357753428547.1688.com;https://detail.1688.com/offer/564081169070.html
广州凯希珠宝有限公司;https://shop077139fu70669.1688.com;https://detail.1688.com/offer/652969484936.html
义乌市婷洋饰品有限公司;https://tingyanshipin.1688.com;https://detail.1688.com/offer/633299924586.html
义乌市曼缇饰品有限公司;https://ywmanti.1688.com;https://detail.1688.com/offer/35848130160.html
义乌市露兮电子商务商行;https://shop701g0204b5202.1688.com;https://detail.1688.com/offer/622401859843.html
义乌市恬露电子商务有限公司;https://shop095819407u556.1688.com;https://detail.1688.com/offer/632370434653.html
义乌市旗佑电子商务有限公司;https://shop74h101y524637.1688.com;https://detail.1688.com/offer/609005742278.html
义乌市岚秀电子商务商行;https://shop1466010339509.1688.com;https://detail.1688.com/offer/653732240751.html
义乌市牛犇进出口有限公司;https://niuben.1688.com;https://detail.1688.com/offer/636501215176.html
义乌市赫尔墨斯贸易有限公司;https://shop1u03o9v641772.1688.com;https://detail.1688.com/offer/642739866086.html
义乌市少峰电子商务商行;https://wilphenwu.1688.com;https://detail.1688.com/offer/626601550589.html
义乌市简拉电子商务有限公司;https://jianlajewelry.1688.com;https://detail.1688.com/offer/624731697997.html
义乌市卓权饰品厂;https://shop1383843389764.1688.com;https://detail.1688.com/offer/616385738385.html
深圳市艾普义科技有限公司;https://tokqiy.1688.com;https://detail.1688.com/offer/655068429529.html
义乌市彬圣电子商务商行;https://shop96ff860955536.1688.com;https://detail.1688.com/offer/638614258720.html
义乌市言柠电子商务商行;https://yanningstudio.1688.com;https://detail.1688.com/offer/651923744080.html
义乌市艺栋饰品有限公司;https://shop4411866a72157.1688.com;https://detail.1688.com/offer/591960336165.html
义乌市诚精电子商务商行;https://shop7838p6v6141x7.1688.com;https://detail.1688.com/offer/581798992338.html
义乌市添蝶电子商务商行;https://shop421362i8l9216.1688.com;https://detail.1688.com/offer/651482784871.html
义乌市家民贸易有限公司;https://shop1472452130381.1688.com;https://detail.1688.com/offer/594232321033.html
义乌市雕琢电子商务商行;https://shop5u06u0816u898.1688.com;https://detail.1688.com/offer/617937605591.html
义乌市锦颜电子商务商行;https://shop509s9634b6779.1688.com;https://detail.1688.com/offer/581997529236.html
义乌市锦汐饰品有限公司;https://shop36m49516j79k7.1688.com;https://detail.1688.com/offer/613288933173.html
义乌市真欣电子商务商行;https://shop509491775bd03.1688.com;https://detail.1688.com/offer/595594115249.html
义乌市玖灼电子商务有限公司;https://shop578i77k033494.1688.com;https://detail.1688.com/offer/627631002976.html
南京奥达非贸易有限公司;https://orderafrica.1688.com;https://detail.1688.com/offer/604828176527.html
义乌市哲尚饰品厂;https://shop07g0848t21733.1688.com;https://detail.1688.com/offer/598619291512.html
义乌市挺进贸易有限公司;https://ywtjmy.1688.com;https://detail.1688.com/offer/613925588763.html
义乌市美航饰品有限公司;https://shop1386953617542.1688.com;https://detail.1688.com/offer/597836849323.html
义乌市诗嘟电子商务商行;https://shop729678951h9u1.1688.com;https://detail.1688.com/offer/612404472078.html
义乌市艺真饰品有限公司;https://shop1467046971656.1688.com;https://detail.1688.com/offer/578557083940.html
义乌市蓦然电子商务商行;https://shop4p24079984497.1688.com;https://detail.1688.com/offer/645136074665.html
义乌市艾莉饰品有限公司;https://ailishipin.1688.com;https://detail.1688.com/offer/647612630342.html
义乌科凡电子商务商行;https://shop854301399n549.1688.com;https://detail.1688.com/offer/654532544181.html
东莞市爱丽宝工艺品有限公司;https://shop709317d490o30.1688.com;https://detail.1688.com/offer/654358291008.html
义乌浩利电子商务有限公司;https://haoli666.1688.com;https://detail.1688.com/offer/570640656757.html
义乌巨森电子商务有限公司;https://shop469j35n587495.1688.com;https://detail.1688.com/offer/652639951715.html
浦江县夏晨饰品厂;https://ufavoirte.1688.com;https://detail.1688.com/offer/628713908438.html
义乌市海阁电子商务有限公司;https://happygirl.1688.com;https://detail.1688.com/offer/646100282320.html
义乌市承馨电子商务商行;https://yououshipin.1688.com;https://detail.1688.com/offer/582322192193.html
义乌市金将电子商务有限公司;https://shop828008hg55759.1688.com;https://detail.1688.com/offer/598410169155.html
义乌市久通饰品加工厂;https://shop6z258x2087823.1688.com;https://detail.1688.com/offer/581396144173.html
义乌市腾层电子商务有限公司;https://tengceng.1688.com;https://detail.1688.com/offer/628852191624.html
义乌市岑迷饰品有限公司;https://shop1375289628741.1688.com;https://detail.1688.com/offer/573140821486.html
义乌市颖舞电子商务有限公司;https://shop711o4701t1583.1688.com;https://detail.1688.com/offer/610133443623.html
义乌市参翔电子商务商行;https://shop87r8yj48194u1.1688.com;https://detail.1688.com/offer/655351233782.html
义乌市茉柠贸易有限公司;https://shop1487868907575.1688.com;https://detail.1688.com/offer/546621348661.html
义乌市腾义饰品有限公司;https://tengyishipin.1688.com;https://detail.1688.com/offer/629025347731.html
义乌市吧唧电子商务商行;https://shop00ot8352723g1.1688.com;https://detail.1688.com/offer/641829636252.html
义乌市芒你饰品有限公司;https://shop06517yd115555.1688.com;https://detail.1688.com/offer/655680546804.html
义乌市筱金饰品厂;https://shop6a1749k325a72.1688.com;https://detail.1688.com/offer/621717568028.html
东阳市艺宸饰品有限公司;https://shop6163680e83n75.1688.com;https://detail.1688.com/offer/651355477955.html
义乌市旭爵电子商务有限公司;https://shop1415896901343.1688.com;https://detail.1688.com/offer/615843055317.html
义乌市惜郁电子商务有限公司;https://shop1429289450420.1688.com;https://detail.1688.com/offer/591698637286.html
义乌市温软饰品有限公司;https://shop0k1439e5967j6.1688.com;https://detail.1688.com/offer/607894082242.html
义乌市秀桢电子商务有限公司;https://shop1473871349125.1688.com;https://detail.1688.com/offer/581285897029.html
义乌市萌豆豆饰品有限公司;https://ywmengdoudou.1688.com;https://detail.1688.com/offer/622366933721.html
义乌市丽萌饰品有限公司;https://yiwulimeng.1688.com;https://detail.1688.com/offer/645744353906.html
柳州市汇商电子商务有限公司;https://shop427564dce5705.1688.com;https://detail.1688.com/offer/652735176394.html
义乌市雨蝶饰品有限公司;https://yudy88888.1688.com;https://detail.1688.com/offer/624030425676.html
深圳市罗湖区杰利泽银饰商行;https://shop0l8019906ql52.1688.com;https://detail.1688.com/offer/582509086750.html
义乌市不舍居贸易有限公司;https://shop39046c58479c0.1688.com;https://detail.1688.com/offer/619841731610.html
广州市雅之琦饰品有限公司;https://yazky88.1688.com;https://detail.1688.com/offer/569436888453.html
义乌市晗杜电子商务商行;https://shop704xx31840z32.1688.com;https://detail.1688.com/offer/653965024940.html
义乌市趣觅电子商务商行;https://shop3909712a65r74.1688.com;https://detail.1688.com/offer/651177503232.html
义乌广跃电子商务有限公司;https://shop166472o659wx7.1688.com;https://detail.1688.com/offer/627416065629.html
义乌市奕冉饰品有限公司;https://yiranyw.1688.com;https://detail.1688.com/offer/546898554887.html
九江千贝科技有限公司;https://shop20x2450d96690.1688.com;https://detail.1688.com/offer/608485191579.html
义乌市广拓饰品有限公司;https://fan670367810.1688.com;https://detail.1688.com/offer/573433022373.html
义乌市霖穆电子商务商行;https://shop3233717su4554.1688.com;https://detail.1688.com/offer/615894647139.html
义乌市雅芯贸易有限公司;https://yaxinshipinsp.1688.com;https://detail.1688.com/offer/643981697460.html
广州锐豹科技有限公司;https://ruibow.1688.com;https://detail.1688.com/offer/581591080525.html
义乌俪蓓塔饰品有限公司;https://shop1q6026q17q361.1688.com;https://detail.1688.com/offer/638376600814.html
东莞瑞玛斯五金饰品有限公司;https://yuimacehardware.1688.com;https://detail.1688.com/offer/638037438596.html
东莞市爱丽宝工艺品有限公司;https://shop709317d490o30.1688.com;https://detail.1688.com/offer/654358291008.html
义乌市晴雯饰品有限公司;https://shop1357753428547.1688.com;https://detail.1688.com/offer/564081169070.html
广州凯希珠宝有限公司;https://shop077139fu70669.1688.com;https://detail.1688.com/offer/652969484936.html
义乌市婷洋饰品有限公司;https://tingyanshipin.1688.com;https://detail.1688.com/offer/633299924586.html
义乌市金将电子商务有限公司;https://shop828008hg55759.1688.com;https://detail.1688.com/offer/598410169155.html
义乌市久通饰品加工厂;https://shop6z258x2087823.1688.com;https://detail.1688.com/offer/581396144173.html
义乌市旗佑电子商务有限公司;https://shop74h101y524637.1688.com;https://detail.1688.com/offer/609062371480.html
义乌市恬露电子商务有限公司;https://shop095819407u556.1688.com;https://detail.1688.com/offer/632370434653.html
义乌市露兮电子商务商行;https://shop701g0204b5202.1688.com;https://detail.1688.com/offer/622401859843.html
市北区唯品之家服饰店;https://xianyueshipin.1688.com;https://detail.1688.com/offer/602897687350.html
义乌市岚秀电子商务商行;https://shop1466010339509.1688.com;https://detail.1688.com/offer/653732240751.html
义乌市少峰电子商务商行;https://wilphenwu.1688.com;https://detail.1688.com/offer/626601550589.html
义乌市简拉电子商务有限公司;https://jianlajewelry.1688.com;https://detail.1688.com/offer/624731697997.html
义乌市卓权饰品厂;https://shop1383843389764.1688.com;https://detail.1688.com/offer/616385738385.html
深圳市艾普义科技有限公司;https://tokqiy.1688.com;https://detail.1688.com/offer/655068429529.html
义乌市牛犇进出口有限公司;https://niuben.1688.com;https://detail.1688.com/offer/636501215176.html
义乌市赫尔墨斯贸易有限公司;https://shop1u03o9v641772.1688.com;https://detail.1688.com/offer/642739866086.html
义乌市言柠电子商务商行;https://yanningstudio.1688.com;https://detail.1688.com/offer/651923744080.html
义乌市诚精电子商务商行;https://shop7838p6v6141x7.1688.com;https://detail.1688.com/offer/581798992338.html
义乌市添蝶电子商务商行;https://shop421362i8l9216.1688.com;https://detail.1688.com/offer/651482784871.html
义乌市玖灼电子商务有限公司;https://shop578i77k033494.1688.com;https://detail.1688.com/offer/627631002976.html
南京奥达非贸易有限公司;https://orderafrica.1688.com;https://detail.1688.com/offer/604828176527.html
义乌市哲尚饰品厂;https://shop07g0848t21733.1688.com;https://detail.1688.com/offer/598619291512.html
义乌市挺进贸易有限公司;https://ywtjmy.1688.com;https://detail.1688.com/offer/613925588763.html
义乌市美航饰品有限公司;https://shop1386953617542.1688.com;https://detail.1688.com/offer/597836849323.html
义乌市诗嘟电子商务商行;https://shop729678951h9u1.1688.com;https://detail.1688.com/offer/612404472078.html
义乌市艺真饰品有限公司;https://shop1467046971656.1688.com;https://detail.1688.com/offer/578557083940.html
义乌市家民贸易有限公司;https://shop1472452130381.1688.com;https://detail.1688.com/offer/594232321033.html
义乌市雕琢电子商务商行;https://shop5u06u0816u898.1688.com;https://detail.1688.com/offer/617937605591.html
义乌市锦颜电子商务商行;https://shop509s9634b6779.1688.com;https://detail.1688.com/offer/581997529236.html
义乌市锦汐饰品有限公司;https://shop36m49516j79k7.1688.com;https://detail.1688.com/offer/613288933173.html
义乌市真欣电子商务商行;https://shop509491775bd03.1688.com;https://detail.1688.com/offer/595594115249.html
义乌市彬圣电子商务商行;https://shop96ff860955536.1688.com;https://detail.1688.com/offer/638614258720.html
海丰县梅陇德隆首饰厂;https://delongyinshi.1688.com;https://detail.1688.com/offer/653467549252.html
义乌市旭爵电子商务有限公司;https://shop1415896901343.1688.com;https://detail.1688.com/offer/615843055317.html
义乌浩利电子商务有限公司;https://haoli666.1688.com;https://detail.1688.com/offer/570640656757.html
义乌市海阁电子商务有限公司;https://happygirl.1688.com;https://detail.1688.com/offer/646100282320.html
义乌市承馨电子商务商行;https://yououshipin.1688.com;https://detail.1688.com/offer/582322192193.html
义乌市萌豆豆饰品有限公司;https://ywmengdoudou.1688.com;https://detail.1688.com/offer/622366933721.html
义乌市岑迷饰品有限公司;https://shop1375289628741.1688.com;https://detail.1688.com/offer/573140821486.html
义乌市恰涵饰品有限公司;https://shop1461761182170.1688.com;https://detail.1688.com/offer/577149007435.html
九江千贝科技有限公司;https://shop20x2450d96690.1688.com;https://detail.1688.com/offer/607212926528.html
义乌市诗露纸品厂;https://shop2938128h18w91.1688.com;https://detail.1688.com/offer/582561562753.html
柳州市汇商电子商务有限公司;https://shop427564dce5705.1688.com;https://detail.1688.com/offer/652735176394.html
广州市黄埔区结小宝百货店;https://shop45357643e7504.1688.com;https://detail.1688.com/offer/654777526425.html
东阳市艺宸饰品有限公司;https://shop6163680e83n75.1688.com;https://detail.1688.com/offer/651355477955.html
义乌市艺栋饰品有限公司;https://shop4411866a72157.1688.com;https://detail.1688.com/offer/591960336165.html
义乌俪蓓塔饰品有限公司;https://shop1q6026q17q361.1688.com;https://detail.1688.com/offer/638376600814.html
义乌市舒搜电子商务有限公司;https://shop1468601430262.1688.com;https://detail.1688.com/offer/603856136540.html
义乌市霖穆电子商务商行;https://shop3233717su4554.1688.com;https://detail.1688.com/offer/615894647139.html
义乌市艾莉饰品有限公司;https://ailishipin.1688.com;https://detail.1688.com/offer/647612630342.html
广州市帝唐珠宝有限公司;https://shop8178572135999.1688.com;https://detail.1688.com/offer/654355597855.html
义乌科凡电子商务商行;https://shop854301399n549.1688.com;https://detail.1688.com/offer/654532544181.html
义乌市楠博电子商务商行;https://shop1410539936050.1688.com;https://detail.1688.com/offer/626196787412.html
义乌市潘释电子商务有限公司;https://aipanshi.1688.com;https://detail.1688.com/offer/616513991160.html
义乌市颖舞电子商务有限公司;https://shop711o4701t1583.1688.com;https://detail.1688.com/offer/610133443623.html
义乌市参翔电子商务商行;https://shop87r8yj48194u1.1688.com;https://detail.1688.com/offer/655351233782.html
义乌市庄周电子商务商行;https://shop1461343228927.1688.com;https://detail.1688.com/offer/574664749963.html
义乌市雅楚饰品有限公司;https://cnyachu.1688.com;https://detail.1688.com/offer/610503337248.html
义乌市筱金饰品厂;https://shop6a1749k325a72.1688.com;https://detail.1688.com/offer/621717568028.html
义乌市金小元电子商务商行;https://shop2647c3m1318c7.1688.com;https://detail.1688.com/offer/644358276714.html
义乌市秀桢电子商务有限公司;https://shop1473871349125.1688.com;https://detail.1688.com/offer/581285897029.html
义乌市颜瑟电子商务有限公司;https://shop7393824641303.1688.com;https://detail.1688.com/offer/650649360589.html
义乌市广拓饰品有限公司;https://fan670367810.1688.com;https://detail.1688.com/offer/614755241365.html
义乌市笑蝶服装商行;https://shop1488646009674.1688.com;https://detail.1688.com/offer/568792196983.html
义乌市晗杜电子商务商行;https://shop704xx31840z32.1688.com;https://detail.1688.com/offer/654436637494.html
义乌市芒你饰品有限公司;https://shop06517yd115555.1688.com;https://detail.1688.com/offer/655680546804.html
义乌市雨蝶饰品有限公司;https://yudy88888.1688.com;https://detail.1688.com/offer/624030425676.html
新罗区悦港百货店;https://shop2509081hq6625.1688.com;https://detail.1688.com/offer/652989983146.html
义乌市趣觅电子商务商行;https://shop3909712a65r74.1688.com;https://detail.1688.com/offer/651759688307.html
义乌鲸洋电子商务有限公司;https://shop094902t400916.1688.com;https://detail.1688.com/offer/649924500657.html
义乌市丽萌饰品有限公司;https://yiwulimeng.1688.com;https://detail.1688.com/offer/645744353906.html
义乌柒商电子商务有限公司;https://shop31305ytq88275.1688.com;https://detail.1688.com/offer/588537324100.html
义乌市烊烊饰品有限公司;https://shop1791709614s96.1688.com;https://detail.1688.com/offer/640679689801.html
深圳市宝安区庭祥纯银首饰厂;https://shop1495213117743.1688.com;https://detail.1688.com/offer/575646848846.html
义乌市汉时电子商务商行;https://shop39aj555733h25.1688.com;https://detail.1688.com/offer/654755507019.html
青岛九九克拉珠宝首饰有限公司;https://99kela.1688.com;https://detail.1688.com/offer/547155410857.html
石狮市艺精和成五金制品厂;https://shop34529807g33i0.1688.com;https://detail.1688.com/offer/601612817480.html
玉林市玉州区和庆日用品店;https://shop530320s83y9y7.1688.com;https://detail.1688.com/offer/643156435757.html
义乌广跃电子商务有限公司;https://shop166472o659wx7.1688.com;https://detail.1688.com/offer/627416065629.html
深圳市恒达鑫饰品有限公司;https://hdxsp3.1688.com;https://detail.1688.com/offer/548057752066.html
义乌巨森电子商务有限公司;https://shop469j35n587495.1688.com;https://detail.1688.com/offer/652639951715.html
深圳市宝安区西乡新德胜首饰厂;https://shop39944000025y6.1688.com;https://detail.1688.com/offer/622872084883.html
义乌市想拼电子商务商行;https://shop7908l74l14149.1688.com;https://detail.1688.com/offer/593833188410.html
义乌市兴冉电子商务有限公司;https://shop0l7602712lj26.1688.com;https://detail.1688.com/offer/594225950901.html
义乌市柯物电子商务商行;https://shop70983239v8v45.1688.com;https://detail.1688.com/offer/651407231894.html
义乌市徐一平饰品有限公司;https://shop4q32792821679.1688.com;https://detail.1688.com/offer/598146547705.html
义乌市蓦然电子商务商行;https://shop4p24079984497.1688.com;https://detail.1688.com/offer/645136074665.html
义乌市不舍居贸易有限公司;https://shop39046c58479c0.1688.com;https://detail.1688.com/offer/619841731610.html
永定区枯善姿百货商行;https://shop2l32083922003.1688.com;https://detail.1688.com/offer/643471706079.html
义乌市欧野贸易有限公司;https://shop4u8483o2z3186.1688.com;https://detail.1688.com/offer/610324711664.html
永定区悬历泽百货商行;https://shop8t60825091gv4.1688.com;https://detail.1688.com/offer/643268092355.html
海丰县附城艺昇首饰厂;https://yishenshipin.1688.com;https://detail.1688.com/offer/543620304630.html
柘荣县角词日用品经营部;https://shop1g709u1661548.1688.com;https://detail.1688.com/offer/652812113789.html
青白江鹏欧琬希商贸部;https://shop7p22p459187f2.1688.com;https://detail.1688.com/offer/650536511874.html
义乌市众朵饰品加工厂;https://shop66133p9333483.1688.com;https://detail.1688.com/offer/608794008921.html
新罗区鸢鸾阁百货商行;https://shop66f4568d06345.1688.com;https://detail.1688.com/offer/644353521146.html
玉林市玉州区庭若百货店;https://shop183d580a0a060.1688.com;https://detail.1688.com/offer/644088119557.html
陈根青;https://shop1346346659154.1688.com;https://detail.1688.com/offer/650625854265.html
北京炫目家科贸有限公司;https://xuanmujia.1688.com;https://detail.1688.com/offer/601835710035.html
海丰县福恩首饰厂;https://fuenshipin.1688.com;https://detail.1688.com/offer/565208207965.html
永定区军绸廉百货店;https://shop93m38618536w2.1688.com;https://detail.1688.com/offer/643805879839.html
义乌市念蕾电子商务商行;https://shop1377104299827.1688.com;https://detail.1688.com/offer/546207911216.html
海丰县梅陇臻荣首饰厂;https://zrs925.1688.com;https://detail.1688.com/offer/541603488906.html
青岛拉威尔工贸有限公司;https://lavieen3688.1688.com;https://detail.1688.com/offer/592856847868.html
义乌市华斌饰品厂;https://ywhuabinshipin.1688.com;https://detail.1688.com/offer/622158854349.html
义乌市豪彪饰品有限公司;https://haobiaoshiping.1688.com;https://detail.1688.com/offer/524698929415.html
东莞市长安拾佰五金加工店;https://shop793a593a3c950.1688.com;https://detail.1688.com/offer/634668030420.html
深圳市罗湖区杰利泽银饰商行;https://shop0l8019906ql52.1688.com;https://detail.1688.com/offer/582509086750.html
义乌市欧喆饰品厂;https://ouzhesp.1688.com;https://detail.1688.com/offer/528366859014.html
