COMPANY NAME;COMPANY LINK;TOTAL OFFERS;LIST NUMBER;OFFER LINK;LIST NUMBER;OFFER LINK;LIST NUMBER;OFFER LINK;LIST NUMBER;OFFER LINK;LIST NUMBER;OFFER LINK;LIST NUMBER;OFFER LINK;LIST NUMBER;OFFER LINK
义乌市三态饰品有限公司;https://santai3333.1688.com;2;1;https://detail.1688.com/offer/621421763251.html;2;https://detail.1688.com/offer/560555750048.html
义乌市暖铭电子商务有限公司;https://shop87n311x537n24.1688.com;1;1;https://detail.1688.com/offer/605034248123.html;;
义乌市逸舒贸易有限公司;https://15868952333.1688.com;1;1;https://detail.1688.com/offer/621384980434.html;;
义乌市心喜贸易有限公司;https://yiwuxinxi.1688.com;1;1;https://detail.1688.com/offer/646110262934.html;;
义乌市和鸣饰品有限公司;https://shop36mm85665l864.1688.com;1;1;https://detail.1688.com/offer/624358198120.html;;
义乌市飞韩饰品有限公司;https://feihan.1688.com;2;1;https://detail.1688.com/offer/603638901379.html;2;https://detail.1688.com/offer/619374533898.html
义乌市真希饰品有限公司;https://shop0021978t69th0.1688.com;1;1;https://detail.1688.com/offer/624504600165.html;;
义乌市氿乐电子商务商行;https://shop1428511784824.1688.com;1;1;https://detail.1688.com/offer/645616451418.html;;
义乌市莉韩饰品有限公司;https://lihan2019.1688.com;2;1;https://detail.1688.com/offer/623070185760.html;2;https://detail.1688.com/offer/622767180549.html
义乌市媚星电子商务商行;https://shop14dq09j393897.1688.com;1;1;https://detail.1688.com/offer/652002482786.html;;
余江区玉祥冠经营部;https://shop58999447265h8.1688.com;1;1;https://detail.1688.com/offer/653986131744.html;;
义乌市戴薇贸易有限公司;https://shop26f9701ncj593.1688.com;1;1;https://detail.1688.com/offer/642034754416.html;;
义乌市席席饰品有限公司;https://shop5p28572787731.1688.com;1;1;https://detail.1688.com/offer/634737679080.html;;
义乌市泰涞饰品有限公司;https://shop783094560m844.1688.com;1;1;https://detail.1688.com/offer/643806790950.html;;
义乌市莱玛电子商务有限公司;https://laimasp.1688.com;1;1;https://detail.1688.com/offer/604398892812.html;;
深圳市东捷伟创科技有限公司;https://shop3p4262xx593a1.1688.com;1;1;https://detail.1688.com/offer/646221412526.html;;
深圳市宝安区福海靓依都服装厂;https://shop1494607960707.1688.com;2;1;https://detail.1688.com/offer/632236997618.html;2;https://detail.1688.com/offer/651385542745.html
义乌市赞烨电子商务商行;https://shop1439398383973.1688.com;1;1;https://detail.1688.com/offer/560434503659.html;;
广州泰洁康贸易商行;https://shop71ey303429494.1688.com;1;1;https://detail.1688.com/offer/648443700877.html;;
鄱阳县曲鹏服装店;https://shop027t10b324120.1688.com;1;1;https://detail.1688.com/offer/655860639540.html;;
义乌市歌图电子商务商行;https://shop66054uuy04028.1688.com;1;1;https://detail.1688.com/offer/655753827944.html;;
义乌市艾蕾亘特饰品厂;https://shop66h557u133484.1688.com;2;1;https://detail.1688.com/offer/655164629851.html;2;https://detail.1688.com/offer/655061086549.html
义乌市修婕电子商务商行;https://shop6724b67477210.1688.com;1;1;https://detail.1688.com/offer/654148900417.html;;
义乌科凡电子商务商行;https://shop854301399n549.1688.com;1;1;https://detail.1688.com/offer/655392079149.html;;
义乌市方婳电子商务商行;https://shop63s8017v65v96.1688.com;1;1;https://detail.1688.com/offer/654068034710.html;;
连城县俪承嗣百货店;https://shop9589592g98965.1688.com;2;1;https://detail.1688.com/offer/654153917124.html;2;https://detail.1688.com/offer/654813246294.html
义乌市梦锦服饰厂;https://mjoy2019.1688.com;2;1;https://detail.1688.com/offer/629123750674.html;2;https://detail.1688.com/offer/600879405579.html
义乌市今立服饰有限公司;https://shop0j22u6275i474.1688.com;1;1;https://detail.1688.com/offer/629766662965.html;;
义乌市茵毅电子商务商行;https://shop9157990717066.1688.com;1;1;https://detail.1688.com/offer/649735776165.html;;
义乌市厚盾电子商务商行;https://shop106434x85n9j8.1688.com;2;1;https://detail.1688.com/offer/652172826381.html;2;https://detail.1688.com/offer/649964636579.html
余江区达祥经营部;https://shop11090a38112a5.1688.com;1;1;https://detail.1688.com/offer/652661870196.html;;
柘荣县角村日用品经营部;https://shop12u1790r83y92.1688.com;1;1;https://detail.1688.com/offer/650149817149.html;;
丰泽区免按百货网店;https://shop721t745995a26.1688.com;1;1;https://detail.1688.com/offer/652611362677.html;;
义乌市裕霖电子商务有限公司;https://yulinshiping.1688.com;2;1;https://detail.1688.com/offer/655013717986.html;2;https://detail.1688.com/offer/655013717986.html
义乌市谦谦饰品有限公司;https://shop1495299047519.1688.com;2;1;https://detail.1688.com/offer/648916366228.html;2;https://detail.1688.com/offer/648916366228.html
义乌市纤迪饰品厂;https://meidijewelry.1688.com;2;1;https://detail.1688.com/offer/655017461800.html;2;https://detail.1688.com/offer/655017461800.html
广州市花都区狮岭连有服装店;https://shop08g5e00677125.1688.com;2;1;https://detail.1688.com/offer/654359290968.html;2;https://detail.1688.com/offer/654359290968.html
义乌市飞韩饰品有限公司;https://feihan.1688.com;2;1;https://detail.1688.com/offer/619374533898.html;2;https://detail.1688.com/offer/619374533898.html
兰山区茹晗百货商行;https://shop262v186b80695.1688.com;2;1;https://detail.1688.com/offer/652962478184.html;2;https://detail.1688.com/offer/652962478184.html
高新区枫桥特俞百货商行;https://shop36kfw322w6194.1688.com;2;1;https://detail.1688.com/offer/654069898161.html;2;https://detail.1688.com/offer/654069898161.html
鄱阳县东慕卉服装店;https://shop3864x0705m0s5.1688.com;2;1;https://detail.1688.com/offer/652497362105.html;2;https://detail.1688.com/offer/652497362105.html
义乌市依宇电子商务有限公司;https://shop612q3221y5a50.1688.com;2;1;https://detail.1688.com/offer/642043239356.html;2;https://detail.1688.com/offer/642043239356.html
义乌市美添色电子商务有限公司;https://shop3g466z20449g7.1688.com;2;1;https://detail.1688.com/offer/629470175071.html;2;https://detail.1688.com/offer/629470175071.html
义乌市莉韩饰品有限公司;https://lihan2019.1688.com;2;1;https://detail.1688.com/offer/622767180549.html;2;https://detail.1688.com/offer/622767180549.html
建德市三都镇裕思贸易商行;https://shop0y017g0512271.1688.com;2;1;https://detail.1688.com/offer/656292091960.html;2;https://detail.1688.com/offer/656292091960.html
广州哈琳娜饰品厂;https://harrina.1688.com;2;1;https://detail.1688.com/offer/645939480060.html;2;https://detail.1688.com/offer/645939480060.html
义乌市严明电子商务商行;https://shop44m42008110d8.1688.com;2;1;https://detail.1688.com/offer/634108934550.html;2;https://detail.1688.com/offer/634108934550.html
深圳市宝安区迪力凯瑞电子商行;https://shop9i1031874q382.1688.com;2;1;https://detail.1688.com/offer/584125424634.html;2;https://detail.1688.com/offer/584125424634.html
青岛姜艺轩商贸有限公司;https://shop00bc73c213589.1688.com;2;1;https://detail.1688.com/offer/617933136479.html;2;https://detail.1688.com/offer/617933136479.html
广州市花都区狮岭英众皮具商行;https://shop909g800059446.1688.com;2;1;https://detail.1688.com/offer/655401847094.html;2;https://detail.1688.com/offer/655401847094.html
义乌市道墨饰品有限公司;https://shop162429nm276e8.1688.com;2;1;https://detail.1688.com/offer/652651095732.html;2;https://detail.1688.com/offer/652651095732.html
深圳市龙华新区伊百分手工饰品厂;https://storyacc.1688.com;2;1;https://detail.1688.com/offer/559016213777.html;2;https://detail.1688.com/offer/559016213777.html
广州痴珊设计工作室;https://shop535q39og92285.1688.com;2;1;https://detail.1688.com/offer/654538276359.html;2;https://detail.1688.com/offer/654538276359.html
通山县笑目百货店;https://shop4770941i5k978.1688.com;2;1;https://detail.1688.com/offer/649955750518.html;2;https://detail.1688.com/offer/649955750518.html
新罗区量东暇百货商行;https://shop50x391074y284.1688.com;2;1;https://detail.1688.com/offer/650972641162.html;2;https://detail.1688.com/offer/650972641162.html
义乌市沫妍贸易有限公司;https://shop4ny40974586i3.1688.com;2;1;https://detail.1688.com/offer/649718847200.html;2;https://detail.1688.com/offer/649718847200.html
余江区汇吉岸贸易商行;https://shop9304242gn1607.1688.com;2;1;https://detail.1688.com/offer/653335551747.html;2;https://detail.1688.com/offer/653335551747.html
余江区仕偌经营部;https://shop3q85q52q66115.1688.com;2;1;https://detail.1688.com/offer/652309524204.html;2;https://detail.1688.com/offer/652309524204.html
义乌市冀岗电子商务商行;https://shop2634710758b57.1688.com;2;1;https://detail.1688.com/offer/653251019207.html;2;https://detail.1688.com/offer/653251019207.html
万载县倩芬日用品经营部;https://shop16098660k2b66.1688.com;2;1;https://detail.1688.com/offer/652268241127.html;2;https://detail.1688.com/offer/652268241127.html
义乌市一柠饰品有限公司;https://shop991997e06s338.1688.com;2;1;https://detail.1688.com/offer/655074204669.html;2;https://detail.1688.com/offer/655074204669.html
义乌市密佳饰品有限公司;https://shop0k0961v432134.1688.com;2;1;https://detail.1688.com/offer/655076196330.html;2;https://detail.1688.com/offer/655076196330.html
南平市建阳区达敦蔺电子商务商行;https://shop782h3g94d0828.1688.com;2;1;https://detail.1688.com/offer/653314467756.html;2;https://detail.1688.com/offer/653314467756.html
义乌市锁佑电子商务商行;https://shop1430220057240.1688.com;2;1;https://detail.1688.com/offer/654393810887.html;2;https://detail.1688.com/offer/654393810887.html
义乌市鑫昊饰品有限公司;https://shop9t12921q15316.1688.com;2;1;https://detail.1688.com/offer/655329098532.html;2;https://detail.1688.com/offer/655329098532.html
义乌市羿辰饰品厂;https://shophancai.1688.com;2;1;https://detail.1688.com/offer/644850841999.html;2;https://detail.1688.com/offer/644850841999.html
义乌市杰佑贸易有限公司;https://shop2091807f24b12.1688.com;2;1;https://detail.1688.com/offer/597492408256.html;2;https://detail.1688.com/offer/597492408256.html
义乌市妙德电子商务商行;https://shop1354900280794.1688.com;2;1;https://detail.1688.com/offer/649280096099.html;2;https://detail.1688.com/offer/649280096099.html
广州逢高商贸有限公司;https://shop465039l947l59.1688.com;2;1;https://detail.1688.com/offer/639939342189.html;2;https://detail.1688.com/offer/639939342189.html
义乌市凌果饰品厂;https://lingguoshipin.1688.com;2;1;https://detail.1688.com/offer/625159908274.html;2;https://detail.1688.com/offer/625159908274.html
义乌市潮炫饰品有限公司;https://shop84o303987q378.1688.com;2;1;https://detail.1688.com/offer/627621674162.html;2;https://detail.1688.com/offer/627621674162.html
丹阳市界牌镇库克威家居用品厂;https://shop4209w0o7571y9.1688.com;2;1;https://detail.1688.com/offer/653403139083.html;2;https://detail.1688.com/offer/653403139083.html
高新区枫桥顺如祥贸易商行;https://shop0202v1w781q91.1688.com;2;1;https://detail.1688.com/offer/655189539513.html;2;https://detail.1688.com/offer/655189539513.html
南平市建阳区练光纬百货店;https://shop1372um9879169.1688.com;2;1;https://detail.1688.com/offer/653090119587.html;2;https://detail.1688.com/offer/653090119587.html
义乌市港迅日用百货商行;https://shop9z23281343467.1688.com;2;1;https://detail.1688.com/offer/643080735013.html;2;https://detail.1688.com/offer/643080735013.html
义乌市翼洋日用百货商行;https://shop21083c224c0f7.1688.com;2;1;https://detail.1688.com/offer/642393785152.html;2;https://detail.1688.com/offer/642393785152.html
义乌市佳购日用百货商行;https://shop5583e2x026p15.1688.com;2;1;https://detail.1688.com/offer/642006828995.html;2;https://detail.1688.com/offer/642006828995.html
义乌市奥朵饰品厂;https://shop55h12o4729902.1688.com;2;1;https://detail.1688.com/offer/626191715312.html;2;https://detail.1688.com/offer/626191715312.html
余江区稿特经营部;https://shop317f207452360.1688.com;2;1;https://detail.1688.com/offer/655198235137.html;2;https://detail.1688.com/offer/655198235137.html
七星关区生奎贸易商行;https://shop43z1z534516r5.1688.com;2;1;https://detail.1688.com/offer/642127774604.html;2;https://detail.1688.com/offer/642127774604.html
新罗区楚君网店;https://shop636040927jf86.1688.com;2;1;https://detail.1688.com/offer/644209863204.html;2;https://detail.1688.com/offer/644209863204.html
杭州余杭区乔司街道婷砚服饰商行;https://shop06pb9790875r4.1688.com;2;1;https://detail.1688.com/offer/655970615889.html;2;https://detail.1688.com/offer/655970615889.html
义乌市访琴饰品有限公司;https://shop3j7801079j334.1688.com;2;1;https://detail.1688.com/offer/652860507210.html;2;https://detail.1688.com/offer/652860507210.html
高新区枫桥本界百货商行;https://shop6264kw780w735.1688.com;2;1;https://detail.1688.com/offer/654350998450.html;2;https://detail.1688.com/offer/654350998450.html
义乌预鉴电子商务有限公司;https://shop18r573997b9j0.1688.com;2;1;https://detail.1688.com/offer/623030368430.html;2;https://detail.1688.com/offer/623030368430.html
义乌市惜美饰品厂;https://shop99034029609i3.1688.com;2;1;https://detail.1688.com/offer/649957820586.html;2;https://detail.1688.com/offer/649957820586.html
佛山市南海区良霖曦日用品厂;https://shop89170t7930511.1688.com;2;1;https://detail.1688.com/offer/649122585746.html;2;https://detail.1688.com/offer/649122585746.html
张升平;https://duojiaoyan.1688.com;2;1;https://detail.1688.com/offer/593659229928.html;2;https://detail.1688.com/offer/593659229928.html
高新区枫桥达融吉服饰商行;https://shop95330499ko036.1688.com;2;1;https://detail.1688.com/offer/655130448426.html;2;https://detail.1688.com/offer/655130448426.html
东阳市迪高饰品有限公司;https://digao103286.1688.com;2;1;https://detail.1688.com/offer/650112496457.html;2;https://detail.1688.com/offer/650112496457.html
余姚市春诚日用品商行;https://shop30090510m6507.1688.com;2;1;https://detail.1688.com/offer/629402576561.html;2;https://detail.1688.com/offer/629402576561.html
尤溪县赤眉商行;https://shop61053b6q727d2.1688.com;2;1;https://detail.1688.com/offer/641197477346.html;2;https://detail.1688.com/offer/641197477346.html
玉林市玉州区沃草日用百货店;https://shop339891649a533.1688.com;2;1;https://detail.1688.com/offer/655855762230.html;2;https://detail.1688.com/offer/655855762230.html
玉林市玉州区鸿叶百货店;https://shop1y97137309xq1.1688.com;2;1;https://detail.1688.com/offer/651330981129.html;2;https://detail.1688.com/offer/651330981129.html
台州市黄岩营尚电子商务商行;https://shop4c2f07735e788.1688.com;2;1;https://detail.1688.com/offer/655865287939.html;2;https://detail.1688.com/offer/655865287939.html
东阳市俊涵饰品有限公司;https://junhansp.1688.com;2;1;https://detail.1688.com/offer/651620401383.html;2;https://detail.1688.com/offer/651620401383.html
义乌市西几电子商务有限公司;https://shop4179c79n60563.1688.com;2;1;https://detail.1688.com/offer/653581180951.html;2;https://detail.1688.com/offer/653581180951.html
义乌市亦舒饰品有限公司;https://shop446f2f7150a94.1688.com;2;1;https://detail.1688.com/offer/614379397062.html;2;https://detail.1688.com/offer/614379397062.html
义乌市翌阳饰品厂;https://yiwuyiyang.1688.com;2;1;https://detail.1688.com/offer/598457500586.html;2;https://detail.1688.com/offer/598457500586.html
诸暨市俊泽服饰有限公司;https://shop36p91683059p8.1688.com;2;1;https://detail.1688.com/offer/623856864041.html;2;https://detail.1688.com/offer/623856864041.html
义乌千芙饰品有限公司;https://shop1404528103758.1688.com;2;1;https://detail.1688.com/offer/609628851242.html;2;https://detail.1688.com/offer/609628851242.html
义乌妙斯电子商务有限公司;https://shop1742883ww4228.1688.com;2;1;https://detail.1688.com/offer/644895562673.html;2;https://detail.1688.com/offer/644895562673.html
新罗区岛雯百货商行;https://shop95h0800568773.1688.com;2;1;https://detail.1688.com/offer/652279800425.html;2;https://detail.1688.com/offer/652279800425.html
义乌市淳美饰品有限公司;https://shop885069m16ul75.1688.com;2;1;https://detail.1688.com/offer/631186140605.html;2;https://detail.1688.com/offer/631186140605.html
余江区海余商贸商行;https://shop13y173h8z7791.1688.com;2;1;https://detail.1688.com/offer/652023793837.html;2;https://detail.1688.com/offer/652023793837.html
义乌市布斯进出口有限公司;https://shop81421962oq998.1688.com;2;1;https://detail.1688.com/offer/624175594813.html;2;https://detail.1688.com/offer/624175594813.html
东莞市丝唯实业有限公司;https://shop0955284kc6m06.1688.com;2;1;https://detail.1688.com/offer/622798910298.html;2;https://detail.1688.com/offer/622798910298.html
义乌市友厚日用百货商行;https://shop1347358380445.1688.com;2;1;https://detail.1688.com/offer/606538372138.html;2;https://detail.1688.com/offer/606538372138.html
杭州梵鹏电子商务有限公司;https://shop93763vh969o29.1688.com;2;1;https://detail.1688.com/offer/653255549750.html;2;https://detail.1688.com/offer/653255549750.html
余江区莱彦经营部;https://shop084657969n1p8.1688.com;2;1;https://detail.1688.com/offer/655163247521.html;2;https://detail.1688.com/offer/655163247521.html
余江区嘉杰经营部;https://shop922h835636056.1688.com;2;1;https://detail.1688.com/offer/655129341682.html;2;https://detail.1688.com/offer/655129341682.html
永定区晗梓莘百货商行;https://shop249145067m564.1688.com;2;1;https://detail.1688.com/offer/652537409716.html;2;https://detail.1688.com/offer/652537409716.html
义乌市艾蕾亘特饰品厂;https://shop66h557u133484.1688.com;2;1;https://detail.1688.com/offer/655061086549.html;2;https://detail.1688.com/offer/655061086549.html
余江区兴大炜经营部;https://shop83a0u334w1647.1688.com;2;1;https://detail.1688.com/offer/653192296141.html;2;https://detail.1688.com/offer/653192296141.html
余江区琪熙经营部;https://shop413c42b242259.1688.com;2;1;https://detail.1688.com/offer/654954689235.html;2;https://detail.1688.com/offer/654954689235.html
余江区涛洋经营部;https://shop96tt692700385.1688.com;2;1;https://detail.1688.com/offer/655270010986.html;2;https://detail.1688.com/offer/655270010986.html
连城县俪承嗣百货店;https://shop9589592g98965.1688.com;2;1;https://detail.1688.com/offer/654813246294.html;2;https://detail.1688.com/offer/654813246294.html
义乌市囡喃电子商务商行;https://shop48061986g28s4.1688.com;2;1;https://detail.1688.com/offer/645697518493.html;2;https://detail.1688.com/offer/645697518493.html
柘荣县周状日用品经营部;https://shop9j04363306988.1688.com;2;1;https://detail.1688.com/offer/647139574746.html;2;https://detail.1688.com/offer/647139574746.html
九江卉然格格电子商务有限公司;https://shop4p1n279347p43.1688.com;2;1;https://detail.1688.com/offer/624291149012.html;2;https://detail.1688.com/offer/624291149012.html
义乌市寻佳饰品有限公司;https://shop513y210hy4331.1688.com;2;1;https://detail.1688.com/offer/651418874780.html;2;https://detail.1688.com/offer/651418874780.html
义乌市海购饰品有限公司;https://shop085505j711h30.1688.com;2;1;https://detail.1688.com/offer/655564286632.html;2;https://detail.1688.com/offer/655564286632.html
义乌市美语电子商务商行;https://shop50g394d0q2025.1688.com;2;1;https://detail.1688.com/offer/654029421270.html;2;https://detail.1688.com/offer/654029421270.html
义乌海生饰品有限公司;https://shop6213044x3p442.1688.com;2;1;https://detail.1688.com/offer/606880623138.html;2;https://detail.1688.com/offer/606880623138.html
义乌市侣寻电子商务有限公司;https://shop1445619395350.1688.com;2;1;https://detail.1688.com/offer/630168878486.html;2;https://detail.1688.com/offer/630168878486.html
通山县西珀百货店;https://shop505799447jv91.1688.com;2;1;https://detail.1688.com/offer/646785249821.html;2;https://detail.1688.com/offer/646785249821.html
义乌市蜜舍饰品厂;https://nvshe.1688.com;2;1;https://detail.1688.com/offer/651662279471.html;2;https://detail.1688.com/offer/651662279471.html
上海心乘贸易有限公司;https://xinchengmaoyi.1688.com;2;1;https://detail.1688.com/offer/610600470841.html;2;https://detail.1688.com/offer/610600470841.html
义乌市三态饰品有限公司;https://santai3333.1688.com;2;1;https://detail.1688.com/offer/560555750048.html;2;https://detail.1688.com/offer/560555750048.html
厦门蓓莱莉服装饰品有限公司;https://shop43224h3409363.1688.com;2;1;https://detail.1688.com/offer/581462719137.html;2;https://detail.1688.com/offer/581462719137.html
义乌市慧逸饰品有限公司;https://huiyii.1688.com;2;1;https://detail.1688.com/offer/615583422432.html;2;https://detail.1688.com/offer/615583422432.html
南京花兮百货贸易有限公司;https://shop17230wv141v16.1688.com;2;1;https://detail.1688.com/offer/649756849182.html;2;https://detail.1688.com/offer/649756849182.html
义乌市秀雨饰品商行;https://shop812958i3j4912.1688.com;2;1;https://detail.1688.com/offer/655453693412.html;2;https://detail.1688.com/offer/655453693412.html
义乌市米贝饰品厂;https://shop22609x978r678.1688.com;2;1;https://detail.1688.com/offer/653492700342.html;2;https://detail.1688.com/offer/653492700342.html
义乌市百萱电子商务商行;https://shop913341y061375.1688.com;2;1;https://detail.1688.com/offer/633309428884.html;2;https://detail.1688.com/offer/633309428884.html
义乌市庆柯贸易有限公司;https://shop5b6s400z25725.1688.com;2;1;https://detail.1688.com/offer/618038355182.html;2;https://detail.1688.com/offer/618038355182.html
建德市下涯镇信习贸易商行;https://shop6071567r69yj4.1688.com;2;1;https://detail.1688.com/offer/651192980616.html;2;https://detail.1688.com/offer/651192980616.html
义乌市宝枫贸易有限公司;https://shop569h0d545d986.1688.com;2;1;https://detail.1688.com/offer/606406657817.html;2;https://detail.1688.com/offer/606406657817.html
永定区悬历泽百货商行;https://shop8t60825091gv4.1688.com;2;1;https://detail.1688.com/offer/643252796752.html;2;https://detail.1688.com/offer/643252796752.html
义乌市艾耶斯美容美发用品有限公司;https://shop1569339862sg6.1688.com;2;1;https://detail.1688.com/offer/606635074341.html;2;https://detail.1688.com/offer/606635074341.html
义乌市绿尔电子商务商行;https://shop2w67803421255.1688.com;2;1;https://detail.1688.com/offer/641126008355.html;2;https://detail.1688.com/offer/641126008355.html
余江区鑫进贸易商行;https://shop2828jv94x2073.1688.com;2;1;https://detail.1688.com/offer/650329588636.html;2;https://detail.1688.com/offer/650329588636.html
深圳市宝安区福海靓依都服装厂;https://shop1494607960707.1688.com;2;1;https://detail.1688.com/offer/651385542745.html;2;https://detail.1688.com/offer/651385542745.html
南平市建阳区林农昭汉百货店;https://shop93p978l965704.1688.com;2;1;https://detail.1688.com/offer/645208987493.html;2;https://detail.1688.com/offer/645208987493.html
义乌市嫣婼电子商务商行;https://shop852d540122v04.1688.com;2;1;https://detail.1688.com/offer/649245311428.html;2;https://detail.1688.com/offer/649245311428.html
新罗区化楼百货商行;https://shop579653hx58f03.1688.com;2;1;https://detail.1688.com/offer/650692924150.html;2;https://detail.1688.com/offer/650692924150.html
新罗区金舞花百货商行;https://shop27785mu839m94.1688.com;2;1;https://detail.1688.com/offer/646870430757.html;2;https://detail.1688.com/offer/646870430757.html
金华市优曼饰品有限公司;https://mmmade.1688.com;2;1;https://detail.1688.com/offer/623122186641.html;2;https://detail.1688.com/offer/623122186641.html
义乌市银韶电子商务商行;https://shop98tn97t456605.1688.com;2;1;https://detail.1688.com/offer/653237397974.html;2;https://detail.1688.com/offer/653237397974.html
深圳市欣盛饰品有限公司;https://xinshengzhubao.1688.com;2;1;https://detail.1688.com/offer/620273022254.html;2;https://detail.1688.com/offer/620273022254.html
义乌市辰璨电子商务商行;https://shop11837481w2706.1688.com;2;1;https://detail.1688.com/offer/651192083389.html;2;https://detail.1688.com/offer/651192083389.html
义乌市东畔饰品有限公司;https://donpan.1688.com;2;1;https://detail.1688.com/offer/624830591902.html;2;https://detail.1688.com/offer/624830591902.html
义乌市静足电子商务商行;https://shop334367g1y97y1.1688.com;2;1;https://detail.1688.com/offer/653707427234.html;2;https://detail.1688.com/offer/653707427234.html
东莞市荣泰制帽厂;https://zimaogongchang.1688.com;2;1;https://detail.1688.com/offer/560936027556.html;2;https://detail.1688.com/offer/560936027556.html
义乌市悦示电子商务商行;https://shop8z44128743285.1688.com;2;1;https://detail.1688.com/offer/651158416482.html;2;https://detail.1688.com/offer/651158416482.html
义乌市宏宏贸易有限公司;https://shop8z24w7s605329.1688.com;2;1;https://detail.1688.com/offer/587115746636.html;2;https://detail.1688.com/offer/587115746636.html
义乌市臻饰电子商务商行;https://yaya68.1688.com;2;1;https://detail.1688.com/offer/627715840676.html;2;https://detail.1688.com/offer/627715840676.html
义乌薇殿电子商务有限公司;https://shop1708t072t2437.1688.com;2;1;https://detail.1688.com/offer/643039001351.html;2;https://detail.1688.com/offer/643039001351.html
东阳市江北谱写电子商务商行;https://shop2586v3578y960.1688.com;2;1;https://detail.1688.com/offer/646336529116.html;2;https://detail.1688.com/offer/646336529116.html
义乌市速泰贸易有限公司;https://ywsutai.1688.com;2;1;https://detail.1688.com/offer/651905931414.html;2;https://detail.1688.com/offer/651905931414.html
义乌市蒲钻电子商务商行;https://shop1358592219982.1688.com;2;1;https://detail.1688.com/offer/643244765375.html;2;https://detail.1688.com/offer/643244765375.html
义乌市潮童饰品厂;https://shop38a1920852341.1688.com;2;1;https://detail.1688.com/offer/649640768743.html;2;https://detail.1688.com/offer/649640768743.html
义乌市彤灿饰品有限公司;https://tongcanhair.1688.com;2;1;https://detail.1688.com/offer/583448590483.html;2;https://detail.1688.com/offer/583448590483.html
广州市花都区狮岭海毅皮具厂;https://shop079d265s81829.1688.com;2;1;https://detail.1688.com/offer/650382788075.html;2;https://detail.1688.com/offer/650382788075.html
义乌赛巧饰品有限公司;https://saiqiaojewelry.1688.com;2;1;https://detail.1688.com/offer/615433231864.html;2;https://detail.1688.com/offer/615433231864.html
景宁宝达贸易商行;https://shop6203kp2301738.1688.com;2;1;https://detail.1688.com/offer/655750879856.html;2;https://detail.1688.com/offer/655750879856.html
青岛玖玖亿贸易有限公司;https://a17685523583.1688.com;2;1;https://detail.1688.com/offer/613176112403.html;2;https://detail.1688.com/offer/613176112403.html
新罗区桐语衣百货店;https://shop6114042pri791.1688.com;2;1;https://detail.1688.com/offer/655065340256.html;2;https://detail.1688.com/offer/655065340256.html
义乌市万犇贸易有限公司;https://shop426755a81d370.1688.com;2;1;https://detail.1688.com/offer/655465142506.html;2;https://detail.1688.com/offer/655465142506.html
义乌市济彤电子商务商行;https://shop8473654c06244.1688.com;2;1;https://detail.1688.com/offer/651719632264.html;2;https://detail.1688.com/offer/651719632264.html
丹阳市界牌镇花申科工艺礼品厂;https://shop61oo8748u3500.1688.com;2;1;https://detail.1688.com/offer/653090776305.html;2;https://detail.1688.com/offer/653090776305.html
义乌市涵恋饰品有限公司;https://hanlianshipin.1688.com;2;1;https://detail.1688.com/offer/612741978664.html;2;https://detail.1688.com/offer/612741978664.html
丹阳市界牌镇玥温特工艺礼品厂;https://shop48v4353698638.1688.com;2;1;https://detail.1688.com/offer/653268771639.html;2;https://detail.1688.com/offer/653268771639.html
义乌市梦锦服饰厂;https://mjoy2019.1688.com;2;1;https://detail.1688.com/offer/600879405579.html;2;https://detail.1688.com/offer/600879405579.html
义乌市艾杰饰品有限公司;https://shop11580bn436109.1688.com;2;1;https://detail.1688.com/offer/641812037235.html;2;https://detail.1688.com/offer/641812037235.html
徐州宾康商贸有限公司;https://xuzhoubksm.1688.com;2;1;https://detail.1688.com/offer/636184603794.html;2;https://detail.1688.com/offer/636184603794.html
义乌市敛从电子商务商行;https://shop28o95177o3851.1688.com;2;1;https://detail.1688.com/offer/655725906159.html;2;https://detail.1688.com/offer/655725906159.html
广州盛双贸易商行;https://shop34652617064c6.1688.com;2;1;https://detail.1688.com/offer/653549206040.html;2;https://detail.1688.com/offer/653549206040.html
义乌市柏杨饰品有限公司;https://shop497m11x243063.1688.com;2;1;https://detail.1688.com/offer/652017348295.html;2;https://detail.1688.com/offer/652017348295.html
义乌市瑾鑫日用百货商行;https://shop1839736s43635.1688.com;2;1;https://detail.1688.com/offer/650985585486.html;2;https://detail.1688.com/offer/650985585486.html
义乌市集英电子商务商行;https://shop79251n2036397.1688.com;2;1;https://detail.1688.com/offer/655210775719.html;2;https://detail.1688.com/offer/655210775719.html
沈阳市葭琂网络科技有限责任公司;https://jiayanshipin.1688.com;2;1;https://detail.1688.com/offer/652049695701.html;2;https://detail.1688.com/offer/652049695701.html
余江区程美腾电子商务商行;https://shop0189qx8473904.1688.com;2;1;https://detail.1688.com/offer/655248678025.html;2;https://detail.1688.com/offer/655248678025.html
义乌市摩多贸易有限公司;https://moduomaoyi.1688.com;2;1;https://detail.1688.com/offer/620921107077.html;2;https://detail.1688.com/offer/620921107077.html
余江区盛菲经营部;https://shop1737814v110o0.1688.com;2;1;https://detail.1688.com/offer/654589212955.html;2;https://detail.1688.com/offer/654589212955.html
青岛帕肯商贸有限公司;https://shop2s863120u7338.1688.com;2;1;https://detail.1688.com/offer/647881633800.html;2;https://detail.1688.com/offer/647881633800.html
余江区广度电子商务商行;https://shop0867n0w2z7115.1688.com;2;1;https://detail.1688.com/offer/651834713052.html;2;https://detail.1688.com/offer/651834713052.html
深圳市坪山区旺货行百货商行;https://shop0715qw8383b39.1688.com;2;1;https://detail.1688.com/offer/655590347190.html;2;https://detail.1688.com/offer/655590347190.html
义乌秀格饰品有限公司;https://shop1w2122s50p506.1688.com;2;1;https://detail.1688.com/offer/632583718245.html;2;https://detail.1688.com/offer/632583718245.html
泗洪县荣小姐饰品店;https://sunrong1013321.1688.com;2;1;https://detail.1688.com/offer/654208224048.html;2;https://detail.1688.com/offer/654208224048.html
义乌市扬扬饰品有限公司;https://yangyang210.1688.com;2;1;https://detail.1688.com/offer/642329720510.html;2;https://detail.1688.com/offer/642329720510.html
义乌市星泰饰品有限公司;https://shop9i878x7270203.1688.com;2;1;https://detail.1688.com/offer/645081160623.html;2;https://detail.1688.com/offer/645081160623.html
义乌市巨全电子商务有限公司;https://juquan1688.1688.com;2;1;https://detail.1688.com/offer/651229144176.html;2;https://detail.1688.com/offer/651229144176.html
义乌市沐鸿饰品有限公司;https://shop1470070177775.1688.com;2;1;https://detail.1688.com/offer/592712321239.html;2;https://detail.1688.com/offer/592712321239.html
义乌市厚盾电子商务商行;https://shop106434x85n9j8.1688.com;2;1;https://detail.1688.com/offer/649964636579.html;2;https://detail.1688.com/offer/649964636579.html
万载县柳速欣日用品商行;https://shop5901ol5247501.1688.com;2;1;https://detail.1688.com/offer/652611887702.html;2;https://detail.1688.com/offer/652611887702.html
义乌市鹿裕饰品有限公司;https://luyushipin.1688.com;2;1;https://detail.1688.com/offer/646164295383.html;2;https://detail.1688.com/offer/646164295383.html
尤溪县多金夫商行;https://shop8435282042477.1688.com;2;1;https://detail.1688.com/offer/643016896034.html;2;https://detail.1688.com/offer/643016896034.html
丰泽区偏漫百货网店;https://shop22y641320u168.1688.com;2;1;https://detail.1688.com/offer/654062955315.html;2;https://detail.1688.com/offer/654062955315.html
广州唯依日用品厂;https://shop842429r765q91.1688.com;2;1;https://detail.1688.com/offer/655267055240.html;2;https://detail.1688.com/offer/655267055240.html
丰泽区尔送百货网店;https://shop0cq98q0901938.1688.com;2;1;https://detail.1688.com/offer/654676104208.html;2;https://detail.1688.com/offer/654676104208.html
义乌市东石日用百货商行;https://dsf1688.1688.com;2;1;https://detail.1688.com/offer/606785757584.html;2;https://detail.1688.com/offer/606785757584.html
石狮市简峰款生网络百货商行;https://shop6097971600814.1688.com;2;1;https://detail.1688.com/offer/652729726218.html;2;https://detail.1688.com/offer/652729726218.html
阳西县祥利帽袋厂;https://chinacap168.1688.com;2;1;https://detail.1688.com/offer/591594089919.html;2;https://detail.1688.com/offer/591594089919.html
义乌市义一贸易有限公司;https://yiyiliangpin.1688.com;2;1;https://detail.1688.com/offer/606957615255.html;2;https://detail.1688.com/offer/606957615255.html
广州市荔湾区涛盈水族用品厂;https://shop180290104s967.1688.com;2;1;https://detail.1688.com/offer/656405587976.html;2;https://detail.1688.com/offer/656405587976.html
余江区美德丽电子商务商行;https://shop2d418860716v3.1688.com;2;1;https://detail.1688.com/offer/652322697575.html;2;https://detail.1688.com/offer/652322697575.html
义乌市米然饰品厂;https://miransp.1688.com;2;1;https://detail.1688.com/offer/530940710515.html;2;https://detail.1688.com/offer/530940710515.html
苏州尚丝曼丝绸有限公司;https://shop61238zm150704.1688.com;2;1;https://detail.1688.com/offer/655809810492.html;2;https://detail.1688.com/offer/655809810492.html
义乌市燃蔻饰品有限公司;https://shop1356319501044.1688.com;2;1;https://detail.1688.com/offer/578030443393.html;2;https://detail.1688.com/offer/578030443393.html
