COMPANY NAME;COMPANY LINK;OFFER LINK
义乌市嘉和饰品有限公司;https://shop2x18m57143k94.1688.com;https://detail.1688.com/offer/644553600054.html
义乌市岚秀电子商务商行;https://shop1466010339509.1688.com;https://detail.1688.com/offer/534285577971.html
义乌市少峰电子商务商行;https://wilphenwu.1688.com;https://detail.1688.com/offer/626891151240.html
义乌市竹马饰品厂;https://zhumashipin.1688.com;https://detail.1688.com/offer/654488947174.html
义乌市博艺贸易有限公司;https://shop8o146nx198478.1688.com;https://detail.1688.com/offer/652406090696.html
义乌市传颂工艺品有限公司;https://shop067s325s15429.1688.com;https://detail.1688.com/offer/601696086000.html
义乌市鼎洲电子商务商行;https://dzsp2012.1688.com;https://detail.1688.com/offer/597399869201.html
义乌市牛犇进出口有限公司;https://niuben.1688.com;https://detail.1688.com/offer/635493624562.html
义乌市鸾恋电子商务有限公司;https://shop1419266743961.1688.com;https://detail.1688.com/offer/648988129401.html
义乌市慈新饰品有限公司;https://shop43r01e5m39188.1688.com;https://detail.1688.com/offer/646513414042.html
义乌市赫尔墨斯贸易有限公司;https://shop1u03o9v641772.1688.com;https://detail.1688.com/offer/643075483695.html
新罗区平若芹百货店;https://shop31o16m2097776.1688.com;https://detail.1688.com/offer/642734724204.html
义乌市雪岳电子商务商行;https://wise678.1688.com;https://detail.1688.com/offer/597836309145.html
义乌市宥麟电子商务有限公司;https://shop81q5p742k7990.1688.com;https://detail.1688.com/offer/645939480942.html
义乌市洲正贸易有限公司;https://shop408i386a39509.1688.com;https://detail.1688.com/offer/650416018386.html
义乌市瑶艳饰品有限公司;https://shop54329033b1fm8.1688.com;https://detail.1688.com/offer/642777630776.html
义乌市飚可工艺品厂;https://yiwubeauty.1688.com;https://detail.1688.com/offer/597562551295.html
义乌市妙雅饰品有限公司;https://shop6239730h56062.1688.com;https://detail.1688.com/offer/578947901027.html
义乌市晴雯饰品有限公司;https://shop1357753428547.1688.com;https://detail.1688.com/offer/560400596609.html
义乌市广拓饰品有限公司;https://fan670367810.1688.com;https://detail.1688.com/offer/578725879604.html
义乌市添蝶电子商务商行;https://shop421362i8l9216.1688.com;https://detail.1688.com/offer/652509062339.html
义乌市玖灼电子商务有限公司;https://shop578i77k033494.1688.com;https://detail.1688.com/offer/627581869919.html
义乌市美航饰品有限公司;https://shop1386953617542.1688.com;https://detail.1688.com/offer/598202447860.html
义乌市茹玥电子商务商行;https://shop4298436ey6850.1688.com;https://detail.1688.com/offer/609514054071.html
义乌市益庆电子商务有限公司;https://shopyiqing.1688.com;https://detail.1688.com/offer/579124251701.html
义乌市琚冉饰品有限公司;https://juranjewelry.1688.com;https://detail.1688.com/offer/559455890865.html
义乌市聚嘉饰品有限公司;https://jujiajewelry.1688.com;https://detail.1688.com/offer/560101543631.html
义乌广跃电子商务有限公司;https://shop166472o659wx7.1688.com;https://detail.1688.com/offer/628086126213.html
义乌市楠博电子商务商行;https://shop1410539936050.1688.com;https://detail.1688.com/offer/610943519979.html
东阳市白云蓝芝海饰品厂;https://aonashiping2.1688.com;https://detail.1688.com/offer/592720697155.html
义乌市咏康电子商务有限公司;https://yongkangdianzi1.1688.com;https://detail.1688.com/offer/653012958150.html
义乌市冉泽电子商务商行;https://shop815g862762704.1688.com;https://detail.1688.com/offer/652550509783.html
义乌市威扬饰品有限公司;https://weiyangsp.1688.com;https://detail.1688.com/offer/555895935381.html
义乌市久通饰品加工厂;https://shop6z258x2087823.1688.com;https://detail.1688.com/offer/624449097132.html
义乌市馨懿饰品有限公司;https://huiyaosujiao.1688.com;https://detail.1688.com/offer/562517220684.html
义乌市罗坤皮具厂;https://shop1452186209330.1688.com;https://detail.1688.com/offer/596561004721.html
义乌市浦上电子商务有限公司;https://shop7512267wuy819.1688.com;https://detail.1688.com/offer/639781044328.html
义乌市金鸳贸易有限公司;https://shop34k60q6912434.1688.com;https://detail.1688.com/offer/627550876735.html
义乌市双笛电子商务商行;https://shop1372265769372.1688.com;https://detail.1688.com/offer/35486267483.html
义乌市蓝淘饰品有限公司;https://longpingershipin.1688.com;https://detail.1688.com/offer/592982890763.html
义乌市怀琅贸易有限公司;https://shop1443451805112.1688.com;https://detail.1688.com/offer/593151739935.html
茂名市茂南区联生贸易中心;https://shop1x12348502w70.1688.com;https://detail.1688.com/offer/638336660881.html
义乌市娜佳电子商务商行;https://18867562866shou.1688.com;https://detail.1688.com/offer/567281441799.html
义乌市弋恋饰品有限公司;https://18867562866.1688.com;https://detail.1688.com/offer/588342276250.html
义乌市含韵饰品有限公司;https://hanyunshipin.1688.com;https://detail.1688.com/offer/597909667400.html
义乌市晓丽电子商务商行;https://shop1463503902757.1688.com;https://detail.1688.com/offer/573981596690.html
唐春林;https://shop1378314072692.1688.com;https://detail.1688.com/offer/567513379271.html
玉林市玉州区欧芙百货店;https://shop759q2171558h4.1688.com;https://detail.1688.com/offer/649773073690.html
义乌市亿鸟电子商务有限公司;https://591zsh.1688.com;https://detail.1688.com/offer/580371412801.html
义乌市琦麦饰品有限公司;https://shop9547p08z382c2.1688.com;https://detail.1688.com/offer/603193482153.html
义乌市曼缇饰品有限公司;https://ywmanti.1688.com;https://detail.1688.com/offer/573433350699.html
义乌市华春电子商务有限公司;https://shop40972z10j3980.1688.com;https://detail.1688.com/offer/582319345224.html
广州赵露商贸有限公司;https://shop4473u96fo3156.1688.com;https://detail.1688.com/offer/654216012400.html
曲阜市兖墨国际贸易有限公司;https://yanmodiy.1688.com;https://detail.1688.com/offer/642805946133.html
义乌市汉琪饰品有限公司;https://shop1594l7l005474.1688.com;https://detail.1688.com/offer/587747034027.html
义乌市晶沁电子商务有限公司;https://shop2c998639b4464.1688.com;https://detail.1688.com/offer/603837798289.html
佛山市南海区薪权饰品厂;https://shop185669536qv11.1688.com;https://detail.1688.com/offer/643801067948.html
义乌市小云饰品商行;https://shop04014628g0g39.1688.com;https://detail.1688.com/offer/640389565393.html
义乌市卓权饰品厂;https://shop1383843389764.1688.com;https://detail.1688.com/offer/567323318133.html
义乌市道妮电子商务商行;https://dnshop.1688.com;https://detail.1688.com/offer/560338450557.html
义乌市汉虹饰品厂;https://hanhongshipin.1688.com;https://detail.1688.com/offer/590995203820.html
义乌市末末饰品有限公司;https://shop517844m037625.1688.com;https://detail.1688.com/offer/650242692449.html
义乌市羽虹饰品有限公司;https://shop9me3343813031.1688.com;https://detail.1688.com/offer/593541197271.html
义乌市准强饰品有限公司;https://shop1457369956504.1688.com;https://detail.1688.com/offer/631347551511.html
隆化县德凯胜工艺品厂;https://shop6727235s97761.1688.com;https://detail.1688.com/offer/645290613553.html
义乌市婷洋饰品有限公司;https://tingyanshipin.1688.com;https://detail.1688.com/offer/606392734647.html
义乌市竹锋电子商务商行;https://shop23810605068y4.1688.com;https://detail.1688.com/offer/642990877496.html
义乌市脸谱工艺品有限公司;https://hualianpu.1688.com;https://detail.1688.com/offer/632009826858.html
义乌市桑晨电子商务有限公司;https://shop1433263686348.1688.com;https://detail.1688.com/offer/534919388137.html
义乌市宏俏电子商务商行;https://shop358l60a898f88.1688.com;https://detail.1688.com/offer/590003243172.html
义乌市咏歌电子商务商行;https://yongge.1688.com;https://detail.1688.com/offer/561913609357.html
义乌友菲电子商务有限公司;https://yumfeel.1688.com;https://detail.1688.com/offer/608600757144.html
广州克罗尔贸易有限公司;https://keluoer8.1688.com;https://detail.1688.com/offer/582358858134.html
罗诗琛;https://shop1384534583237.1688.com;https://detail.1688.com/offer/573802566702.html
义乌市芳锋电子商务商行;https://shop1427173599343.1688.com;https://detail.1688.com/offer/556456038149.html
东阳市江晖饰品有限公司;https://shop211640546c758.1688.com;https://detail.1688.com/offer/583268733923.html
深圳市龙岗区坂田佳琪饰品厂;https://jqshipin.1688.com;https://detail.1688.com/offer/555792701070.html
义乌市炽侣电子商务商行;https://sunenwen.1688.com;https://detail.1688.com/offer/555726686463.html
金华市金东区莎妮饰品厂;https://ywshani.1688.com;https://detail.1688.com/offer/584371965631.html
义乌市家喻电子商务商行;https://158168.1688.com;https://detail.1688.com/offer/576880285840.html
义乌市璐儿电子商务商行;https://shop1461775831606.1688.com;https://detail.1688.com/offer/554587507820.html
义乌市圆钱电子商务有限公司;https://shop42p12446v6241.1688.com;https://detail.1688.com/offer/642921745510.html
义乌市粤维电子商务商行;https://shop24896t6bs2544.1688.com;https://detail.1688.com/offer/642604656618.html
义乌市榴芒饰品有限公司;https://liumang.1688.com;https://detail.1688.com/offer/583430297616.html
义乌市追笑电子商务商行;https://520zx520.1688.com;https://detail.1688.com/offer/554759574250.html
义乌市希世电子商务有限公司;https://xishi001.1688.com;https://detail.1688.com/offer/576878253601.html
义乌市蓝冠饰品有限公司;https://languanjewelry.1688.com;https://detail.1688.com/offer/577810473679.html
义乌市霞东商贸有限公司;https://shop798g44nn46210.1688.com;https://detail.1688.com/offer/652142938430.html
余姚市奇萌贸易商行;https://shop80366a3794506.1688.com;https://detail.1688.com/offer/643267320762.html
义乌市章夕电子商务商行;https://shop1453481194612.1688.com;https://detail.1688.com/offer/561454068501.html
义乌市范娱电子商务商行;https://shop8720yz1898z17.1688.com;https://detail.1688.com/offer/648987140772.html
义乌柒商电子商务有限公司;https://shop31305ytq88275.1688.com;https://detail.1688.com/offer/587876153408.html
义乌市尝饰爱饰品有限公司;https://shop49770b58j8059.1688.com;https://detail.1688.com/offer/554289265210.html
义乌市吆吆吧珠宝有限公司;https://yaoyaoba.1688.com;https://detail.1688.com/offer/610235838843.html
九江千贝科技有限公司;https://shop20x2450d96690.1688.com;https://detail.1688.com/offer/608289488934.html
义乌市诚精电子商务商行;https://shop7838p6v6141x7.1688.com;https://detail.1688.com/offer/582118986626.html
金华市爱时光饰品有限公司;https://aishiguang.1688.com;https://detail.1688.com/offer/571238483223.html
义乌市律心电子商务商行;https://shop1463503804633.1688.com;https://detail.1688.com/offer/554892462654.html
义乌领赛饰品有限公司;https://shop1430326203773.1688.com;https://detail.1688.com/offer/605858934330.html
义乌市圆沁贸易有限公司;https://yiwushani.1688.com;https://detail.1688.com/offer/571973846066.html
义乌市方归贸易有限公司;https://cnfanggui.1688.com;https://detail.1688.com/offer/558999225657.html
义乌市柚木饰品有限公司;https://youmushipin.1688.com;https://detail.1688.com/offer/573753100717.html
东阳市白云悦霞饰品商行;https://yuexiashipin.1688.com;https://detail.1688.com/offer/561664564213.html
义乌市致纳电子商务商行;https://shop1467133632355.1688.com;https://detail.1688.com/offer/597532789004.html
东莞市腾枫五金饰品有限公司;https://shop1426647642a29.1688.com;https://detail.1688.com/offer/643050921954.html
义乌市庄周电子商务商行;https://shop1461343228927.1688.com;https://detail.1688.com/offer/574783690122.html
义乌市晨晖饰品有限公司;https://yisiya.1688.com;https://detail.1688.com/offer/526312633956.html
商丘市梁园区嘉琪工艺品商行;https://shop42789yq783260.1688.com;https://detail.1688.com/offer/570673566751.html
义乌市阿朱表电子商务有限公司;https://shop904789d986876.1688.com;https://detail.1688.com/offer/632926646979.html
义乌市昕缘汇电子商务商行;https://shop2k7911b24bu79.1688.com;https://detail.1688.com/offer/644425263971.html
义乌市图邦汽车用品有限公司;https://yiwutubang.1688.com;https://detail.1688.com/offer/541817566218.html
义乌市优调饰品有限公司;https://youdiao.1688.com;https://detail.1688.com/offer/567869466434.html
高新区枫桥宏好来百货商行;https://shop8784817a1ii29.1688.com;https://detail.1688.com/offer/653069116930.html
义乌市昇勤电子商务商行;https://shop47516w427o706.1688.com;https://detail.1688.com/offer/651393951050.html
义乌市昕涵饰品有限公司;https://shop249075gr0r667.1688.com;https://detail.1688.com/offer/642387493466.html
佛山市顺德区勒流欧格尔电器厂;https://shop14342w507p7a3.1688.com;https://detail.1688.com/offer/627460075923.html
义乌市思硕电子商务有限公司;https://shop7b03171685962.1688.com;https://detail.1688.com/offer/616676619779.html
义乌市谷力服饰厂;https://shop1452012534799.1688.com;https://detail.1688.com/offer/553666665491.html
义乌市豫强贸易有限公司;https://shop4ngr233328236.1688.com;https://detail.1688.com/offer/556507226220.html
义乌市艾拉美饰品有限公司;https://shop76b084uh46023.1688.com;https://detail.1688.com/offer/606978516363.html
义乌市姅皎电子商务有限公司;https://shop1466056922572.1688.com;https://detail.1688.com/offer/541547670716.html
浦江县皓越锁业有限公司;https://asswtb.1688.com;https://detail.1688.com/offer/559201888238.html
义乌市线艺工艺品有限公司;https://shop9097570613795.1688.com;https://detail.1688.com/offer/601476396043.html
义乌市林翔电子商务商行;https://ywlinxiangshop.1688.com;https://detail.1688.com/offer/553687441661.html
衡阳市南岳区古韵加工厂;https://shop8609l77m9q913.1688.com;https://detail.1688.com/offer/599579765875.html
广州市越秀区荣恺贸易商行;https://shop170h540932019.1688.com;https://detail.1688.com/offer/649621401886.html
义乌市奕冉饰品有限公司;https://yiranyw.1688.com;https://detail.1688.com/offer/558591455837.html
绍兴柯桥陶里线带工艺厂;https://shop57532933a1x01.1688.com;https://detail.1688.com/offer/571673837418.html
义乌市酷宁贸易有限公司;https://kuning.1688.com;https://detail.1688.com/offer/559900363060.html
金华市金东区唐果服装辅料厂;https://shop908f506u52407.1688.com;https://detail.1688.com/offer/619305194910.html
义乌市芊梦电子商务有限责任公司;https://shop5735247y62l39.1688.com;https://detail.1688.com/offer/602934788131.html
义乌市驻龙电子商务有限公司;https://ywps925.1688.com;https://detail.1688.com/offer/557098418004.html
义乌市朵玮电子商务有限公司;https://dvjewelry.1688.com;https://detail.1688.com/offer/588236800312.html
义乌市英强饰品厂;https://ywsyme.1688.com;https://detail.1688.com/offer/531125130217.html
云和县石原印石坊;https://shop95m78h5128t33.1688.com;https://detail.1688.com/offer/579516043565.html
义乌市润俏饰品厂;https://shop1430153394269.1688.com;https://detail.1688.com/offer/557246179585.html
义乌市晓茵电子商务商行;https://shop1373993624078.1688.com;https://detail.1688.com/offer/635770809586.html
义乌云罗电子商务有限公司;https://yunluo1.1688.com;https://detail.1688.com/offer/557097534302.html
义乌市千姿饰品有限公司;https://qianzic.1688.com;https://detail.1688.com/offer/561784350567.html
深圳市宝安区欧妮斯珠宝商行;https://zqzounisi.1688.com;https://detail.1688.com/offer/613657637005.html
广州龙结饰品有限公司;https://qifashipin.1688.com;https://detail.1688.com/offer/623726683338.html
义乌市语意电子商务商行;https://shop8148n49689f92.1688.com;https://detail.1688.com/offer/589408355064.html
温岭百福具臻贸易有限公司;https://shop4en68949q4285.1688.com;https://detail.1688.com/offer/651897258720.html
城阳区艾默森工艺品厂;https://shop59v671r682408.1688.com;https://detail.1688.com/offer/623958981255.html
义乌市伊菡饰品有限公司;https://shop663f2k9272923.1688.com;https://detail.1688.com/offer/605387052085.html
青岛呜呜祖拉工艺品有限公司;https://shop1416189794459.1688.com;https://detail.1688.com/offer/525096124370.html
义乌市俊丽贸易有限公司;https://shop3n77c90055c22.1688.com;https://detail.1688.com/offer/596435175404.html
广州瀚色顿商贸有限公司;https://shop1448298546084.1688.com;https://detail.1688.com/offer/568358807289.html
义乌市典恰电子商务商行;https://shop1433437216629.1688.com;https://detail.1688.com/offer/576356876759.html
义乌市能匠电子商务有限公司;https://shop4d9758yi57212.1688.com;https://detail.1688.com/offer/596467323421.html
义乌市萌豆豆饰品有限公司;https://ywmengdoudou.1688.com;https://detail.1688.com/offer/598639476692.html
义乌市纤迪饰品厂;https://meidijewelry.1688.com;https://detail.1688.com/offer/610573291228.html
临沂市兰山区恒洋百货用品经营部;https://shop98g56g23252m2.1688.com;https://detail.1688.com/offer/632496895833.html
义乌市玖冠电子商务商行;https://shop4995a8v5w8176.1688.com;https://detail.1688.com/offer/603967237675.html
义乌市甜羽电子商务商行;https://shop5380179zx5706.1688.com;https://detail.1688.com/offer/632809989731.html
义乌市艺栋饰品有限公司;https://shop4411866a72157.1688.com;https://detail.1688.com/offer/604112795333.html
义乌市战卯电子商务商行;https://shop18954534p7fk6.1688.com;https://detail.1688.com/offer/613253082701.html
义乌市徐一平饰品有限公司;https://shop4q32792821679.1688.com;https://detail.1688.com/offer/603586985588.html
义乌市佑恩饰品有限公司;https://shop1450803109635.1688.com;https://detail.1688.com/offer/532915355377.html
