义乌市青合饰品有限公司;https://shop259z32201pz92.1688.com;https://detail.1688.com/offer/650457189288.html
义乌市心韵饰品有限公司;https://yiwuxinyun.1688.com;https://detail.1688.com/offer/635205833468.html
义乌市唯合工艺品有限公司;https://qinghehuashi1991.1688.com;https://detail.1688.com/offer/650084791825.html
义乌市赫拉进出口有限公司;https://ywhera.1688.com;https://detail.1688.com/offer/650478687845.html
义乌市诗路贸易有限公司;https://shop2752p07679he7.1688.com;https://detail.1688.com/offer/609497609962.html
义乌市昕宇仿真花厂;https://shop42cc66049o824.1688.com;https://detail.1688.com/offer/642278256874.html
义乌市艾媞茵饰品有限公司;https://addilyn.1688.com;https://detail.1688.com/offer/562066960229.html
义乌市三荷饰品有限公司;https://ywjialanflower.1688.com;https://detail.1688.com/offer/595275132597.html
义乌市张承炫电子商务商行;https://618pifa.1688.com;https://detail.1688.com/offer/655703678734.html
义乌市信保进出口有限公司;https://cnalibaba.1688.com;https://detail.1688.com/offer/644176399907.html
陆川县千凡日用品店;https://shop22y0q32940084.1688.com;https://detail.1688.com/offer/649328382400.html
广州市哲蒙电子商务有限公司;https://shop49538693l2y11.1688.com;https://detail.1688.com/offer/601022772716.html
义乌市远坤玩具厂;https://shop1395248439419.1688.com;https://detail.1688.com/offer/650227797549.html
义乌市前贵日用品厂;https://shop2642b33325c12.1688.com;https://detail.1688.com/offer/651880445061.html
义乌市明祖饰品有限公司;https://mingzu.1688.com;https://detail.1688.com/offer/529101630223.html
丽水景宁珑盛贸易有限公司;https://shop531434h732848.1688.com;https://detail.1688.com/offer/642733254036.html
义乌市顾暖工艺品厂;https://shop1419439531540.1688.com;https://detail.1688.com/offer/643488190621.html
义乌市颍泽贸易有限公司;https://shop20i63r5338392.1688.com;https://detail.1688.com/offer/645145585077.html
深圳市景旺兴贸易有限公司;https://shop92t6m339u8324.1688.com;https://detail.1688.com/offer/653762841260.html
深圳市宝安区众融贸易商行;https://shop6x03632x09080.1688.com;https://detail.1688.com/offer/651334040540.html
永定区悬历泽百货商行;https://shop8t60825091gv4.1688.com;https://detail.1688.com/offer/650736896149.html
袁州区从未网络工作室;https://shop17af6434q0333.1688.com;https://detail.1688.com/offer/654025595343.html
义乌市毅旭电子商务商行;https://shop883551i1269c8.1688.com;https://detail.1688.com/offer/648757019845.html
万载县瑶秀日用品商行;https://shop375839e02sf78.1688.com;https://detail.1688.com/offer/651185927892.html
义乌市佰昌日用百货商行;https://ywbaichang.1688.com;https://detail.1688.com/offer/596491215400.html
义乌市鑫桐仿真花有限公司;https://shop39676m4320042.1688.com;https://detail.1688.com/offer/628379941067.html
金华市娇艳饰品有限公司;https://jiaoyanshipin.1688.com;https://detail.1688.com/offer/606837864443.html
广昌县丰达五金商行;https://shop5eee631408837.1688.com;https://detail.1688.com/offer/654685800407.html
五华县水寨镇硕聚百货商店;https://shop078839g935w94.1688.com;https://detail.1688.com/offer/655150917159.html
云霄县海庄服装商行;https://shop4m3x246w26404.1688.com;https://detail.1688.com/offer/655834611433.html
温州市鹿城区继毅百货店;https://shop6p58164026656.1688.com;https://detail.1688.com/offer/651648276750.html
永定区枯善姿百货商行;https://shop2l32083922003.1688.com;https://detail.1688.com/offer/651521986553.html
余江区具笑电子商务商行;https://shop1425294553169.1688.com;https://detail.1688.com/offer/655380070018.html
义乌市明珍服饰有限公司;https://mingzhenapparel.1688.com;https://detail.1688.com/offer/596477380561.html
新罗区千资色百货商行;https://shop776696cjg8272.1688.com;https://detail.1688.com/offer/643511730398.html
临沂市兰山区福来源百货销售店;https://shop23386c0t76j70.1688.com;https://detail.1688.com/offer/652867139018.html
万载县根勋日用品商行;https://shop81l2694d98557.1688.com;https://detail.1688.com/offer/647918137970.html
义乌市根朔饰品有限公司;https://genshuo.1688.com;https://detail.1688.com/offer/574415974230.html
义乌市东诗达贸易有限公司;https://shop8r45834vy0572.1688.com;https://detail.1688.com/offer/576750492932.html
义乌市森钰服饰有限公司;https://sentebaihuo.1688.com;https://detail.1688.com/offer/640768289279.html
深圳市宝安区西乡度香饰品厂;https://shop1438016266458.1688.com;https://detail.1688.com/offer/642271132134.html
广州越秀区磊尼商贸有限公司;https://shop27f3j396q4086.1688.com;https://detail.1688.com/offer/650600786795.html
义乌市钦琪电子商务商行;https://qinqi6893.1688.com;https://detail.1688.com/offer/642617743962.html
义乌市隆驰顺电子商务商行;https://shop059s315b07555.1688.com;https://detail.1688.com/offer/654562890835.html
遂昌炯达日用百货商行;https://shop33760n90j9461.1688.com;https://detail.1688.com/offer/645595675324.html
广州天河区员胡网络科技有限公司;https://shop5482569p79kk1.1688.com;https://detail.1688.com/offer/652406029487.html
广州骏衣网络科技有限公司;https://shop5x8860i01iu87.1688.com;https://detail.1688.com/offer/652328754931.html
广州利坚贸易店;https://shop2804b54x23x45.1688.com;https://detail.1688.com/offer/652779042453.html
柘荣县庆高日用品经营部;https://shop769894301l342.1688.com;https://detail.1688.com/offer/650724779663.html
润州区栢之松百货商行;https://shop251i9737b9133.1688.com;https://detail.1688.com/offer/645034390973.html
柘荣县角麻日用品经营部;https://shop44108p6756k89.1688.com;https://detail.1688.com/offer/648199977079.html
佛山市禅城区固涂通五金贸易商行;https://shop13ntx49656568.1688.com;https://detail.1688.com/offer/631051052446.html
润州区竹之轩服装厂;https://shop22309939b4f44.1688.com;https://detail.1688.com/offer/643354908446.html
浦江县曼馨工艺品有限公司;https://ywmanxin.1688.com;https://detail.1688.com/offer/560363457128.html
